{
  "random_state": 42,
  "test_size": 0.2,
  "models": {
    "dummy": {
      "model_name": "dummy",
      "log_target": true,
      "n_splits": 5,
      "mae_mean": 63136807.77583639,
      "mae_std": 4391481.416942614,
      "rmse_mean": 138651539.0874322,
      "rmse_std": 28692606.154223647,
      "r2_mean": -0.054263174995834704,
      "r2_std": 0.016865746873754965,
      "test_mae": 67053154.7430673,
      "test_rmse": 153498147.29851735,
      "test_r2": -0.05184249803030383
    },
    "linear": {
      "model_name": "linear",
      "log_target": true,
      "n_splits": 5,
      "mae_mean": 47731967.807642,
      "mae_std": 1583740.459938709,
      "rmse_mean": 114043121.4797521,
      "rmse_std": 28993011.854994096,
      "r2_mean": 0.29876589008186205,
      "r2_std": 0.06684909133268502,
      "test_mae": 49932552.59294746,
      "test_rmse": 126525066.2229601,
      "test_r2": 0.2853431110600573
    },
    "rf": {
      "model_name": "rf",
      "log_target": true,
      "n_splits": 5,
      "mae_mean": 43464179.63679604,
      "mae_std": 2141815.0936656403,
      "rmse_mean": 109131894.1432815,
      "rmse_std": 28351723.708160494,
      "r2_mean": 0.3561338086840645,
      "r2_std": 0.10254836831072306,
      "test_mae": 43662944.139094196,
      "test_rmse": 117107394.28987563,
      "test_r2": 0.3877721615323123
    },
    "gbr": {
      "model_name": "gbr",
      "log_target": true,
      "n_splits": 5,
      "mae_mean": 43937273.37153806,
      "mae_std": 1984089.0319384988,
      "rmse_mean": 109096028.92965443,
      "rmse_std": 29308928.85379402,
      "r2_mean": 0.359410007278795,
      "r2_std": 0.0924186216599308,
      "test_mae": 45501018.56305572,
      "test_rmse": 118848944.3852123,
      "test_r2": 0.36942740053975776
    }
  },
  "kmeans": {
    "best_k": 3,
    "scores": {
      "3": 0.08720374716680773,
      "4": 0.05200409105765593,
      "5": 0.060712190274672194,
      "6": 0.03072295107672501
    }
  }
}